Date,Delhi,Mumbai,Chennai,Kolkata
16-Jun-17,65.48,76.7,68.02,68.03
17-Jun-17,65.23,76.46,67.76,67.84
18-Jun-17,64.91,76.14,67.42,67.58
19-Jun-17,64.65,75.88,67.14,67.37
20-Jun-17,64.55,75.78,67.04,67.3
21-Jun-17,64.55,75.79,67.04,67.3
22-Jun-17,64.44,75.68,66.93,67.21
23-Jun-17,64.23,75.46,66.7,67.04
24-Jun-17,63.99,75.23,66.45,66.86
25-Jun-17,63.71,74.95,66.15,66.64
26-Jun-17,63.55,74.79,65.98,66.51
27-Jun-17,63.46,74.71,65.89,66.44
28-Jun-17,63.46,74.71,65.9,66.45
29-Jun-17,63.47,74.71,65.9,66.45
30-Jun-17,63.31,74.56,65.74,66.32
01-Jul-17,63.09,74.3,65.46,66.14
02-Jul-17,63.06,74.28,65.44,66.12
03-Jul-17,63.13,74.35,65.51,66.18
04-Jul-17,63.08,74.3,65.46,66.14
05-Jul-17,63.08,74.3,65.46,66.14
06-Jul-17,63.19,74.41,65.58,66.23
07-Jul-17,63.33,74.54,65.72,66.33
08-Jul-17,63.46,74.67,65.86,66.44
09-Jul-17,63.65,74.86,66.05,66.58
10-Jul-17,63.83,75.04,66.25,66.73
11-Jul-17,63.93,73.27,66.38,67.4
12-Jul-17,63.93,73.27,66.38,67.4
13-Jul-17,63.91,73.25,66.36,67.38
14-Jul-17,63.89,73.23,66.34,67.37
15-Jul-17,64.03,73.37,66.49,67.48
16-Jul-17,64.11,73.45,66.57,67.55
17-Jul-17,64.15,73.49,66.61,67.58
18-Jul-17,64.21,73.54,66.67,67.62
19-Jul-17,64.21,73.54,66.67,67.62
20-Jul-17,64.25,73.59,66.72,67.66
21-Jul-17,64.28,73.61,66.75,67.68
22-Jul-17,64.3,73.63,66.77,67.69
23-Jul-17,64.4,73.74,66.88,67.77
24-Jul-17,64.53,73.87,67.01,67.88
25-Jul-17,64.57,73.9,67.05,67.91
26-Jul-17,64.57,73.91,67.06,67.91
27-Jul-17,64.59,73.92,67.07,67.92
28-Jul-17,64.69,74.02,67.18,68
29-Jul-17,64.87,74.2,67.37,68.14
30-Jul-17,65,74.33,67.51,68.24
31-Jul-17,65.26,74.58,67.78,68.45
01-Aug-17,65.4,74.56,67.71,68.56
02-Aug-17,65.47,74.63,67.78,68.61
03-Aug-17,65.69,74.85,68.02,68.78
04-Aug-17,66,75.15,68.34,69.03
05-Aug-17,66.28,75.43,68.64,69.24
06-Aug-17,66.51,75.66,68.88,69.43
07-Aug-17,66.66,75.8,69.03,69.54
08-Aug-17,66.75,75.89,69.13,69.61
09-Aug-17,66.81,75.96,69.2,69.66
10-Aug-17,66.96,76.1,69.35,69.78
11-Aug-17,67.27,76.41,69.68,70.07
12-Aug-17,67.5,76.64,69.92,70.29
13-Aug-17,67.76,76.89,70.19,70.55
14-Aug-17,67.95,77.09,70.4,70.74
15-Aug-17,68.08,77.21,70.53,70.86
16-Aug-17,68.14,77.27,70.59,70.92
17-Aug-17,68.24,77.37,70.7,71.02
18-Aug-17,68.29,77.42,70.76,71.07
19-Aug-17,68.37,77.5,70.83,71.14
20-Aug-17,68.38,77.51,70.85,71.16
21-Aug-17,68.54,77.66,71.01,71.31
22-Aug-17,68.67,77.79,71.15,71.44
23-Aug-17,68.73,77.86,71.22,71.5
24-Aug-17,68.88,78,71.37,71.64
25-Aug-17,69.01,78.13,71.51,71.77
26-Aug-17,69.02,78.14,71.52,71.78
27-Aug-17,69.06,78.18,71.56,71.82
28-Aug-17,69.09,78.22,71.6,71.86
29-Aug-17,69.12,78.24,71.62,71.88
30-Aug-17,69.12,78.24,71.62,71.88
31-Aug-17,69.15,78.28,71.66,71.92
01-Sep-17,69.26,78.38,71.78,72.02
02-Sep-17,69.43,78.54,71.95,72.18
03-Sep-17,69.55,78.67,72.08,72.3
04-Sep-17,69.66,78.78,72.2,72.41
05-Sep-17,69.71,78.82,72.25,72.46
06-Sep-17,69.71,78.82,72.25,72.46
07-Sep-17,69.8,78.92,72.34,72.55
08-Sep-17,69.89,79,72.44,72.64
09-Sep-17,70.03,79.14,72.58,72.78
10-Sep-17,70.17,79.28,72.73,72.91
11-Sep-17,70.3,79.41,72.87,73.05
12-Sep-17,70.38,79.48,72.95,73.12
13-Sep-17,70.38,79.48,72.95,73.12
14-Sep-17,70.39,79.5,72.97,73.13
15-Sep-17,70.43,79.54,73.01,73.17
16-Sep-17,70.48,79.59,73.06,73.22
17-Sep-17,70.51,79.62,73.09,73.25
18-Sep-17,70.51,79.62,73.09,73.25
19-Sep-17,70.52,79.63,73.1,73.26
20-Sep-17,70.52,79.63,73.1,73.26
21-Sep-17,70.52,79.63,73.1,73.26
22-Sep-17,70.47,79.58,73.05,73.21
23-Sep-17,70.42,79.53,73,73.16
24-Sep-17,70.39,79.5,72.97,73.13
25-Sep-17,70.41,79.52,72.99,73.15
26-Sep-17,70.41,79.52,72.99,73.15
27-Sep-17,70.41,79.52,72.99,73.15
28-Sep-17,70.46,79.57,73.04,73.2
29-Sep-17,70.56,79.67,73.15,73.3
30-Sep-17,70.66,79.77,73.25,73.4
01-Oct-17,70.76,79.87,73.36,73.5
02-Oct-17,70.83,79.94,73.43,73.57
03-Oct-17,70.88,79.99,73.48,73.62
04-Oct-17,68.38,77.51,70.85,71.16
05-Oct-17,68.38,77.51,70.85,71.16
06-Oct-17,68.36,77.49,70.83,71.14
07-Oct-17,68.35,77.48,70.82,71.13
08-Oct-17,68.39,77.52,70.86,71.17
09-Oct-17,68.45,77.58,70.93,71.23
10-Oct-17,68.45,77.58,70.93,71.23
11-Oct-17,68.48,75.59,70.96,71.26
12-Oct-17,68.45,75.57,70.93,71.23
13-Oct-17,68.43,75.55,70.9,71.21
14-Oct-17,68.38,75.5,70.85,71.16
15-Oct-17,68.33,75.45,70.8,71.11
16-Oct-17,68.29,75.41,70.76,71.07
17-Oct-17,68.26,75.38,70.73,71.04
18-Oct-17,68.26,75.38,70.73,71.04
19-Oct-17,68.33,75.45,70.8,71.11
20-Oct-17,68.4,75.52,70.87,71.18
21-Oct-17,68.44,75.56,70.92,71.22
22-Oct-17,68.58,75.69,71.06,71.36
23-Oct-17,68.6,75.71,71.08,71.38
24-Oct-17,68.6,75.71,71.08,71.38
25-Oct-17,68.62,75.73,71.1,71.4
26-Oct-17,68.65,75.76,71.14,71.43
27-Oct-17,68.72,75.83,71.21,71.49
28-Oct-17,68.84,75.95,71.34,71.61
29-Oct-17,68.92,76.03,71.42,71.69
30-Oct-17,69.07,76.18,71.58,71.84
31-Oct-17,69.13,76.24,71.64,71.9
01-Nov-17,69.14,76.25,71.65,71.9
02-Nov-17,69.25,76.36,71.77,72.01
03-Nov-17,69.34,76.45,71.86,72.1
04-Nov-17,69.47,76.57,72,72.23
05-Nov-17,69.55,76.65,72.08,72.31
06-Nov-17,69.69,76.79,72.23,72.44
07-Nov-17,69.8,76.9,72.35,72.55
08-Nov-17,69.8,76.9,72.35,72.55
09-Nov-17,69.85,76.95,72.4,72.6
10-Nov-17,69.85,76.95,72.4,72.6
11-Nov-17,69.81,76.91,72.36,72.56
12-Nov-17,69.78,76.88,72.33,72.53
13-Nov-17,69.78,76.88,72.33,72.53
14-Nov-17,69.73,76.83,72.27,72.48
15-Nov-17,69.68,76.78,72.22,72.43
16-Nov-17,69.65,76.75,72.19,72.4
17-Nov-17,69.61,76.71,72.15,72.37
18-Nov-17,69.57,76.67,72.1,72.33
19-Nov-17,69.54,76.64,72.07,72.3
20-Nov-17,69.51,76.61,72.04,72.27
21-Nov-17,69.53,76.63,72.06,72.29
22-Nov-17,69.48,76.58,72.01,72.24
23-Nov-17,69.43,76.54,71.96,72.19
24-Nov-17,69.41,76.52,71.94,72.17
25-Nov-17,69.36,76.52,71.88,72.12
26-Nov-17,69.32,76.52,71.84,72.08
27-Nov-17,69.28,76.52,71.8,72.04
28-Nov-17,69.26,76.52,71.78,72.02
29-Nov-17,69.26,76.52,71.78,72.02
30-Nov-17,69.24,76.52,71.76,72
01-Dec-17,69.22,76.52,71.74,71.98
02-Dec-17,69.22,76.52,71.74,71.98
03-Dec-17,69.23,76.54,71.75,71.99
04-Dec-17,69.23,76.56,71.75,71.99
05-Dec-17,69.25,76.59,71.77,72.01
06-Dec-17,69.24,76.6,71.76,72
07-Dec-17,69.23,76.61,71.75,71.99
08-Dec-17,69.19,76.61,71.7,71.95
09-Dec-17,69.18,76.62,71.69,71.94
10-Dec-17,69.15,76.61,71.66,71.91
11-Dec-17,69.12,76.62,71.63,71.88
12-Dec-17,69.09,76.64,71.6,71.85
13-Dec-17,69.07,76.66,71.58,71.84
14-Dec-17,69.07,76.69,71.58,71.84
15-Dec-17,69.1,76.78,71.61,71.86
16-Dec-17,69.13,76.88,71.64,71.89
17-Dec-17,69.15,76.99,71.66,71.91
18-Dec-17,69.19,77.06,71.7,71.95
19-Dec-17,69.27,77.17,71.79,72.03
20-Dec-17,69.35,77.25,71.87,72.11
21-Dec-17,69.42,77.32,71.95,72.18
22-Dec-17,69.5,77.4,72.03,72.26
23-Dec-17,69.58,77.48,72.12,72.34
24-Dec-17,69.56,77.46,72.09,72.32
25-Dec-17,69.65,77.55,72.19,72.4
26-Dec-17,69.63,77.53,72.17,72.39
27-Dec-17,69.72,77.62,72.26,72.47
28-Dec-17,69.81,77.71,72.36,72.56
29-Dec-17,69.9,77.8,72.45,72.65
30-Dec-17,69.94,77.84,72.49,72.69
31-Dec-17,69.97,77.87,72.53,72.72
01-Jan-18,69.97,77.87,72.53,72.72
02-Jan-18,69.97,77.87,72.53,72.72
03-Jan-18,69.97,77.87,72.53,72.72
04-Jan-18,69.97,77.87,72.53,72.72
05-Jan-18,69.99,77.89,72.55,72.74
06-Jan-18,70.13,78.02,72.69,72.88
07-Jan-18,70.28,78.17,72.85,73.02
08-Jan-18,70.43,78.32,73.01,73.17
09-Jan-18,70.53,78.42,73.12,73.27
10-Jan-18,70.62,78.51,73.21,73.36
11-Jan-18,70.66,78.55,73.25,73.4
12-Jan-18,70.73,78.62,73.33,73.47
13-Jan-18,70.92,78.81,73.53,73.65
14-Jan-18,71.06,78.94,73.67,73.79
15-Jan-18,71.18,79.06,73.8,73.91
16-Jan-18,71.27,79.15,73.89,74
17-Jan-18,71.39,79.27,74.02,74.11
18-Jan-18,71.56,79.44,74.2,74.28
19-Jan-18,71.7,79.58,74.35,74.42
20-Jan-18,71.89,79.77,74.55,74.6
21-Jan-18,72.08,79.95,74.75,74.79
22-Jan-18,72.23,80.1,74.91,74.94
23-Jan-18,72.38,80.25,75.06,75.09
24-Jan-18,72.43,80.3,75.12,75.13
25-Jan-18,72.49,80.36,75.18,75.19
26-Jan-18,72.63,80.5,75.33,75.33
27-Jan-18,72.72,80.59,75.42,75.42
28-Jan-18,72.77,80.64,75.47,75.47
29-Jan-18,72.84,80.71,75.55,75.54
30-Jan-18,72.92,80.79,75.63,75.62
31-Jan-18,72.92,80.79,75.63,75.62
01-Feb-18,73.05,80.91,75.77,75.74
02-Feb-18,73.1,80.96,75.82,75.79
03-Feb-18,73.09,80.95,75.81,75.78
04-Feb-18,73.16,81.02,75.88,75.85
05-Feb-18,73.31,81.17,76.04,76
06-Feb-18,73.38,81.24,76.12,76.07
07-Feb-18,73.38,81.24,76.12,76.07
08-Feb-18,73.37,81.23,76.11,76.06
09-Feb-18,73.35,81.21,76.08,76.04
10-Feb-18,73.33,81.19,76.06,76.02
11-Feb-18,73.22,81.08,75.95,75.91
12-Feb-18,73.01,80.87,75.73,75.7
13-Feb-18,72.94,80.81,75.65,75.64
14-Feb-18,72.94,80.81,75.65,75.64
15-Feb-18,72.79,80.66,75.49,75.49
16-Feb-18,72.52,80.39,75.21,75.22
17-Feb-18,72.23,80.1,74.91,74.94
18-Feb-18,72.07,79.94,74.74,74.78
19-Feb-18,71.92,79.8,74.58,74.63
20-Feb-18,71.73,79.61,74.38,74.45
21-Feb-18,71.72,79.6,74.37,74.44
22-Feb-18,71.7,79.58,74.35,74.45
23-Feb-18,71.61,79.49,74.25,74.36
24-Feb-18,71.52,79.4,74.16,74.27
25-Feb-18,71.5,79.38,74.14,74.25
26-Feb-18,71.53,79.41,74.17,74.28
27-Feb-18,71.51,79.39,74.15,74.26
28-Feb-18,71.51,79.39,74.15,74.26
01-Mar-18,71.57,79.45,74.21,74.32
02-Mar-18,71.75,79.63,74.4,74.5
03-Mar-18,72,79.87,74.66,74.74
04-Mar-18,72.26,80.13,74.94,75
05-Mar-18,72.32,80.19,75,75.06
06-Mar-18,72.39,80.26,75.07,75.12
07-Mar-18,72.39,80.26,75.07,75.12
08-Mar-18,72.39,80.26,75.07,75.12
09-Mar-18,72.43,80.3,75.12,75.16
10-Mar-18,72.46,80.33,75.15,75.19
11-Mar-18,72.48,80.35,75.17,75.21
12-Mar-18,72.45,80.32,75.14,75.18
13-Mar-18,72.47,80.34,75.16,75.2
14-Mar-18,72.47,80.34,75.16,75.2
15-Mar-18,72.45,80.32,75.14,75.18
16-Mar-18,72.37,80.24,75.05,75.1
17-Mar-18,72.27,80.14,74.95,75.01
18-Mar-18,72.2,80.07,74.87,74.94
19-Mar-18,72.19,80.06,74.86,74.93
20-Mar-18,72.2,80.07,74.87,74.94
21-Mar-18,72.2,80.07,74.87,74.94
22-Mar-18,72.26,80.13,74.94,75
23-Mar-18,72.3,80.17,74.98,75.04
24-Mar-18,72.38,80.25,75.06,75.11
25-Mar-18,72.55,80.42,75.24,75.28
26-Mar-18,72.79,80.66,75.49,75.52
27-Mar-18,72.9,80.77,75.61,75.63
28-Mar-18,72.9,80.77,75.61,75.63
29-Mar-18,73.08,80.94,75.8,75.8
30-Mar-18,73.31,81.17,76.04,76.03
31-Mar-18,73.55,81.41,76.29,76.26
01-Apr-18,73.73,81.59,76.48,76.44
02-Apr-18,73.83,81.69,76.59,76.54
03-Apr-18,73.95,81.8,76.72,76.66
04-Apr-18,73.95,81.8,76.72,76.66
05-Apr-18,73.98,81.83,76.75,76.69
06-Apr-18,73.98,81.83,76.75,76.69
07-Apr-18,74,81.85,76.77,76.71
08-Apr-18,74.03,81.88,76.8,76.73
09-Apr-18,73.99,81.84,76.76,76.7
10-Apr-18,73.98,81.83,76.75,76.69
11-Apr-18,73.98,81.83,76.75,76.69
12-Apr-18,73.94,81.8,76.71,76.65
13-Apr-18,73.91,81.77,76.67,76.62
14-Apr-18,73.93,81.79,76.69,76.64
15-Apr-18,73.98,81.83,76.75,76.69
16-Apr-18,74.02,81.87,76.79,76.73
17-Apr-18,74.02,81.87,76.79,76.73
18-Apr-18,74.02,81.87,76.79,76.73
19-Apr-18,74.07,81.92,76.84,76.77
20-Apr-18,74.08,81.93,76.85,76.78
21-Apr-18,74.21,82.06,76.99,76.91
22-Apr-18,74.4,82.25,77.19,77.1
23-Apr-18,74.5,82.35,77.29,77.2
24-Apr-18,74.63,82.48,77.43,77.32
25-Apr-18,74.63,82.48,77.43,77.32
26-Apr-18,74.63,82.48,77.43,77.32
27-Apr-18,74.63,82.48,77.43,77.32
28-Apr-18,74.63,82.48,77.43,77.32
29-Apr-18,74.63,82.48,77.43,77.32
30-Apr-18,74.63,82.48,77.43,77.32
01-May-18,74.63,82.48,77.43,77.32
02-May-18,74.63,82.48,77.43,77.32
03-May-18,74.63,82.48,77.43,77.32
04-May-18,74.63,82.48,77.43,77.32
05-May-18,74.63,82.48,77.43,77.32
06-May-18,74.63,82.48,77.43,77.32
07-May-18,74.63,82.48,77.43,77.32
08-May-18,74.63,82.48,77.43,77.32
09-May-18,74.63,82.48,77.43,77.32
10-May-18,74.63,82.48,77.43,77.32
11-May-18,74.63,82.48,77.43,77.32
12-May-18,74.63,82.48,77.43,77.32
13-May-18,74.63,82.48,77.43,77.32
14-May-18,74.8,82.65,77.61,77.5
15-May-18,74.95,82.79,77.77,77.65
16-May-18,75.1,82.94,77.93,77.79
17-May-18,75.32,83.16,78.16,78.01
18-May-18,75.61,83.45,78.46,78.29
19-May-18,75.91,83.75,78.78,78.59
20-May-18,76.24,84.07,79.13,78.91
21-May-18,76.57,84.4,79.47,79.24
22-May-18,76.87,84.7,79.79,79.53
23-May-18,77.17,84.99,80.11,79.83
24-May-18,77.47,85.29,80.42,80.12
25-May-18,77.83,85.65,80.8,80.47
26-May-18,77.97,85.78,80.95,80.61
27-May-18,78.12,85.93,81.11,80.76
28-May-18,78.27,86.08,81.26,80.91
29-May-18,78.43,86.24,81.43,81.06
30-May-18,78.42,86.23,81.42,81.05
31-May-18,78.35,86.16,81.35,80.98
01-Jun-18,78.29,86.1,81.28,80.92
02-Jun-18,78.2,86.01,81.19,80.84
03-Jun-18,78.11,85.92,81.09,80.75
04-Jun-18,77.96,85.77,80.94,80.6
05-Jun-18,77.83,85.65,80.8,80.47
06-Jun-18,77.72,85.54,80.68,80.37
07-Jun-18,77.63,85.45,80.59,80.28
08-Jun-18,77.42,85.24,80.37,80.07
09-Jun-18,77.02,84.84,79.95,79.68
10-Jun-18,76.78,84.61,79.69,79.44
11-Jun-18,76.58,84.41,79.48,79.25
12-Jun-18,76.43,84.26,79.33,79.1
13-Jun-18,76.43,84.26,79.33,79.1
14-Jun-18,76.43,84.26,79.33,79.1
15-Jun-18,76.35,84.18,79.24,79.02
16-Jun-18,76.35,84.18,79.24,79.02
17-Jun-18,76.35,84.18,79.24,79.02
18-Jun-18,76.35,84.18,79.24,79.02
19-Jun-18,76.27,84.06,79.16,78.94
20-Jun-18,76.27,84.06,79.16,78.94
21-Jun-18,76.16,83.92,79.04,78.83
22-Jun-18,76.02,83.74,78.89,78.7
23-Jun-18,75.93,83.61,78.8,78.61
24-Jun-18,75.79,83.44,78.65,78.47
25-Jun-18,75.69,83.3,78.55,78.37
26-Jun-18,75.55,83.12,78.4,78.23
27-Jun-18,75.55,83.12,78.4,78.23
28-Jun-18,75.55,83.12,78.4,78.23
29-Jun-18,75.55,83.06,78.4,78.23
30-Jun-18,75.55,82.99,78.4,78.23
01-Jul-18,75.55,82.94,78.4,78.23
02-Jul-18,75.55,82.94,78.4,78.23
03-Jul-18,75.55,82.94,78.4,78.23
04-Jul-18,75.55,82.94,78.4,78.23
05-Jul-18,75.71,83.1,78.57,78.39
06-Jul-18,75.85,83.24,78.72,78.53
07-Jul-18,75.98,83.37,78.85,78.66
08-Jul-18,76.13,83.52,79.01,78.8
09-Jul-18,76.36,83.75,79.25,79.03
10-Jul-18,76.53,83.91,79.43,79.2
11-Jul-18,76.53,83.91,79.43,79.2
12-Jul-18,76.59,83.97,79.49,79.26
13-Jul-18,76.76,84.14,79.67,79.42
14-Jul-18,76.95,84.33,79.87,79.61
15-Jul-18,76.95,84.33,79.87,79.61
16-Jul-18,76.84,84.22,79.76,79.51
17-Jul-18,76.84,84.22,79.76,79.51
18-Jul-18,76.84,84.22,79.76,79.51
19-Jul-18,76.78,84.22,79.76,79.51
20-Jul-18,76.62,84.06,79.59,79.39
21-Jul-18,76.47,83.91,79.43,79.27
22-Jul-18,76.37,83.82,79.33,79.2
23-Jul-18,76.3,83.75,79.25,79.15
24-Jul-18,76.23,83.68,79.18,79.1
25-Jul-18,76.23,83.68,79.18,79.1
26-Jul-18,76.23,83.68,79.18,79.1
27-Jul-18,76.23,83.68,79.18,79.1
28-Jul-18,76.16,83.61,79.11,79.05
29-Jul-18,76.16,83.61,79.11,79.05
30-Jul-18,76.25,83.7,79.2,79.14
31-Jul-18,76.31,83.76,79.26,79.2
01-Aug-18,76.31,83.76,79.26,79.2
02-Aug-18,76.43,83.87,79.39,79.33
03-Aug-18,76.5,83.94,79.46,79.42
04-Aug-18,76.7,84.14,79.68,79.62
05-Aug-18,76.85,84.29,79.83,79.77
06-Aug-18,76.97,84.41,79.96,79.89
07-Aug-18,77.06,84.5,80.05,80
08-Aug-18,77.06,84.5,80.05,80
09-Aug-18,77.06,84.5,80.05,80
10-Aug-18,77.13,84.57,80.13,80.09
11-Aug-18,77.23,84.67,80.23,80.18
12-Aug-18,77.23,84.67,80.23,80.18
13-Aug-18,77.14,84.58,80.14,80.1
14-Aug-18,77.14,84.58,80.14,80.1
15-Aug-18,77.14,84.58,80.14,80.1
16-Aug-18,77.2,84.63,80.19,80.14
17-Aug-18,77.2,84.63,80.19,80.14
18-Aug-18,77.28,84.71,80.28,80.22
19-Aug-18,77.4,84.82,80.4,80.34
20-Aug-18,77.49,84.91,80.5,80.43
21-Aug-18,77.58,85,80.59,80.52
22-Aug-18,77.58,85,80.59,80.52
23-Aug-18,77.58,85,80.59,80.52
24-Aug-18,77.67,85.09,80.69,80.61
25-Aug-18,77.67,85.09,80.69,80.61
26-Aug-18,77.78,85.2,80.8,80.71
27-Aug-18,77.91,85.33,80.94,80.84
28-Aug-18,78.05,85.47,81.09,80.98
29-Aug-18,78.18,85.6,81.22,81.11
30-Aug-18,78.3,85.72,81.35,81.23
31-Aug-18,78.52,85.93,81.58,81.44
01-Sep-18,78.68,86.09,81.75,81.6
02-Sep-18,78.84,86.25,81.92,81.76
03-Sep-18,79.15,86.56,82.24,82.06
04-Sep-18,79.31,86.72,82.41,82.22
05-Sep-18,79.31,86.72,82.41,82.22
06-Sep-18,79.51,86.91,82.62,82.41
07-Sep-18,79.99,87.39,83.13,82.88
08-Sep-18,80.38,87.77,83.54,83.27
09-Sep-18,80.5,87.89,83.66,83.39
10-Sep-18,80.73,88.12,83.91,83.61
11-Sep-18,80.87,88.26,84.05,83.75
12-Sep-18,80.87,88.26,84.05,82.74
13-Sep-18,81,88.39,84.19,82.87
14-Sep-18,81.28,88.67,84.49,83.14
15-Sep-18,81.63,89.01,84.85,83.49
16-Sep-18,81.91,89.29,85.15,83.76
17-Sep-18,82.06,89.44,85.31,83.91
18-Sep-18,82.16,89.54,85.41,84.01
19-Sep-18,82.16,89.54,85.41,84.01
20-Sep-18,82.22,89.6,85.48,84.07
21-Sep-18,82.32,89.69,85.58,84.16
22-Sep-18,82.44,89.8,85.69,84.27
23-Sep-18,82.61,89.97,85.87,84.44
24-Sep-18,82.72,90.08,85.99,84.54
25-Sep-18,82.86,90.22,86.13,84.68
26-Sep-18,82.86,90.22,86.13,84.68
27-Sep-18,83,90.35,86.28,84.82
28-Sep-18,83.22,90.57,86.51,85.03
29-Sep-18,83.4,90.75,86.7,85.21
30-Sep-18,83.49,90.84,86.8,85.3
01-Oct-18,83.73,91.08,87.05,85.53
02-Oct-18,83.85,91.2,87.18,85.65
03-Oct-18,83.85,91.2,87.18,85.65
04-Oct-18,84,91.34,87.33,85.8
05-Oct-18,81.5,86.97,84.7,83.3
06-Oct-18,81.68,87.15,84.89,83.52
07-Oct-18,81.82,87.29,85.04,83.66
08-Oct-18,82.03,87.5,85.26,83.87
09-Oct-18,82.26,87.73,85.5,84.09
10-Oct-18,82.26,87.73,85.5,84.09
11-Oct-18,82.36,87.82,85.61,84.19
12-Oct-18,82.48,87.94,85.73,84.31
13-Oct-18,82.66,88.12,85.92,84.48
14-Oct-18,82.72,88.18,85.99,84.54
15-Oct-18,82.72,88.18,85.99,84.54
16-Oct-18,82.83,88.29,86.1,84.65
17-Oct-18,82.83,88.29,86.1,84.65
18-Oct-18,82.62,88.08,85.88,84.44
19-Oct-18,82.38,87.84,85.63,84.21
20-Oct-18,81.99,87.46,85.22,83.83
21-Oct-18,81.74,87.21,84.96,83.58
22-Oct-18,81.44,86.91,84.64,83.29
23-Oct-18,81.34,86.81,84.53,83.19
24-Oct-18,81.25,86.73,84.44,83.1
25-Oct-18,81.1,86.58,84.28,82.95
26-Oct-18,80.85,86.33,84.02,82.71
27-Oct-18,80.45,85.93,83.6,82.31
28-Oct-18,80.05,85.54,83.18,81.92
29-Oct-18,79.75,85.24,82.86,81.63
30-Oct-18,79.55,85.04,82.65,81.43
31-Oct-18,79.55,85.04,82.65,81.43
01-Nov-18,79.37,84.86,82.46,81.25
02-Nov-18,79.18,84.68,82.26,81.08
03-Nov-18,78.99,84.49,82.06,80.89
04-Nov-18,78.78,84.28,81.84,80.68
05-Nov-18,78.56,84.06,81.61,80.47
06-Nov-18,78.42,83.92,81.46,80.33
07-Nov-18,78.42,83.92,81.46,80.33
08-Nov-18,78.21,83.72,81.24,80.13
09-Nov-18,78.06,83.57,81.08,79.98
10-Nov-18,77.89,83.4,80.9,79.81
11-Nov-18,77.73,83.24,80.73,79.65
12-Nov-18,77.56,83.07,80.56,79.49
13-Nov-18,77.43,82.94,80.42,79.36
14-Nov-18,77.43,82.94,80.42,79.36
15-Nov-18,77.28,82.8,80.26,79.21
16-Nov-18,77.1,82.62,80.07,79.04
17-Nov-18,76.91,82.43,79.87,78.85
18-Nov-18,76.71,82.23,79.66,78.65
19-Nov-18,76.52,82.04,79.46,78.47
20-Nov-18,76.38,81.9,79.31,78.33
21-Nov-18,76.38,81.9,79.31,78.33
22-Nov-18,75.97,81.5,78.88,77.93
23-Nov-18,75.57,81.1,78.46,77.53
24-Nov-18,75.25,80.79,78.12,77.22
25-Nov-18,74.84,80.38,77.69,76.82
26-Nov-18,74.49,80.03,77.32,76.47
27-Nov-18,74.07,79.62,76.88,76.06
28-Nov-18,73.57,79.12,76.35,75.57
29-Nov-18,73.24,78.8,76.01,75.24
30-Nov-18,72.87,78.43,75.62,74.88
01-Dec-18,72.53,78.09,75.26,74.55
02-Dec-18,72.23,77.8,74.94,74.25
03-Dec-18,71.93,77.5,74.63,73.96
04-Dec-18,71.72,77.29,74.41,73.75
05-Dec-18,71.72,77.29,74.41,73.75
06-Dec-18,71.32,76.9,73.99,73.36
07-Dec-18,70.92,76.5,73.57,72.97
08-Dec-18,70.7,76.28,73.33,72.75
09-Dec-18,70.55,76.13,73.18,72.6
10-Dec-18,70.31,75.9,72.92,72.37
11-Dec-18,70.2,75.8,72.82,72.28
12-Dec-18,70.2,75.8,72.82,73.28
13-Dec-18,70.29,75.91,72.94,72.38
14-Dec-18,70.29,75.91,72.94,72.38
15-Dec-18,70.34,75.96,72.99,72.43
16-Dec-18,70.34,75.96,72.99,72.43
17-Dec-18,70.53,76.15,73.19,72.62
18-Dec-18,70.63,76.25,73.29,72.71
19-Dec-18,70.63,76.25,73.29,72.71
20-Dec-18,70.63,76.25,73.29,72.71
21-Dec-18,70.46,76.08,73.11,72.55
22-Dec-18,70.27,75.89,72.91,72.36
23-Dec-18,70.07,75.69,72.7,72.16
24-Dec-18,69.86,75.48,72.48,71.96
25-Dec-18,69.79,75.41,72.41,71.89
26-Dec-18,69.79,75.41,72.41,71.89
27-Dec-18,69.74,75.36,72.36,71.84
28-Dec-18,69.55,75.18,72.16,71.65
29-Dec-18,69.26,74.89,71.85,71.37
30-Dec-18,69.04,74.67,71.62,71.15
31-Dec-18,68.84,74.47,71.41,70.96
01-Jan-19,68.65,74.3,71.22,70.78
02-Jan-19,68.65,74.3,71.22,70.78
03-Jan-19,68.65,74.3,71.22,70.78
04-Jan-19,68.44,74.1,71.01,70.58
05-Jan-19,68.29,73.95,70.85,70.43
06-Jan-19,68.29,73.95,70.85,70.43
07-Jan-19,68.5,74.16,71.07,70.64
08-Jan-19,68.5,74.16,71.07,70.64
09-Jan-19,68.5,74.16,71.07,70.64
10-Jan-19,68.88,74.53,71.47,71.01
11-Jan-19,69.07,74.72,71.67,71.2
12-Jan-19,69.26,74.91,71.87,71.39
13-Jan-19,69.75,75.39,72.39,71.87
14-Jan-19,70.13,75.77,72.79,72.24
15-Jan-19,70.41,76.05,73.08,72.52
16-Jan-19,70.33,75.97,73,72.44
17-Jan-19,70.47,76.11,73.15,72.58
18-Jan-19,70.55,76.18,73.23,72.65
19-Jan-19,70.72,76.35,73.41,72.82
20-Jan-19,70.95,76.58,73.65,73.05
21-Jan-19,71.14,76.77,73.85,73.23
22-Jan-19,71.27,76.9,73.99,73.36
23-Jan-19,71.27,76.9,73.99,73.36
24-Jan-19,71.27,76.9,73.99,73.36
25-Jan-19,71.27,76.9,73.99,73.36
26-Jan-19,71.27,76.9,73.99,73.36
27-Jan-19,71.27,76.9,73.99,73.36
28-Jan-19,71.27,76.9,73.99,73.36
29-Jan-19,71.19,76.82,73.9,73.28
30-Jan-19,71.19,76.82,73.9,73.28
31-Jan-19,71.09,76.72,73.8,73.18
01-Feb-19,70.94,76.57,73.64,73.04
02-Feb-19,70.84,76.47,73.54,72.94
03-Feb-19,70.74,76.37,73.43,72.84
04-Feb-19,70.59,76.22,73.27,72.7
05-Feb-19,70.44,76.08,73.11,72.55
06-Feb-19,70.44,76.08,73.11,72.55
07-Feb-19,70.44,76.08,73.11,72.55
08-Feb-19,70.38,76.02,73.05,72.49
09-Feb-19,70.28,75.92,72.95,72.39
10-Feb-19,70.28,75.92,72.95,72.39
11-Feb-19,70.33,75.97,73,72.44
12-Feb-19,70.33,75.97,73,72.44
13-Feb-19,70.33,75.97,73,72.44
14-Feb-19,70.39,76.03,73.06,72.5
15-Feb-19,70.46,76.1,73.14,72.57
16-Feb-19,70.6,76.23,73.28,72.71
17-Feb-19,70.76,76.39,73.45,72.86
18-Feb-19,70.91,76.54,73.61,73.01
19-Feb-19,71,76.64,73.72,73.11
20-Feb-19,71,76.64,73.72,73.11
21-Feb-19,71.15,76.79,73.87,73.25
22-Feb-19,71.29,76.93,74.02,73.39
23-Feb-19,71.35,76.99,74.08,73.45
24-Feb-19,71.42,77.06,74.16,73.52
25-Feb-19,71.57,77.2,74.32,73.67
26-Feb-19,71.66,77.29,74.41,73.76
27-Feb-19,71.66,77.29,74.41,73.76
28-Feb-19,71.73,77.36,74.48,73.82
01-Mar-19,71.81,77.44,74.57,73.9
02-Mar-19,71.94,77.57,74.71,74.03
03-Mar-19,72.07,77.7,74.84,74.16
04-Mar-19,72.17,77.8,74.95,74.26
05-Mar-19,72.24,77.87,75.02,74.33
06-Mar-19,72.24,77.87,75.02,74.33
07-Mar-19,72.24,77.87,75.02,74.33
08-Mar-19,72.24,77.87,75.02,74.33
09-Mar-19,72.31,77.94,75.09,74.39
10-Mar-19,72.4,78.03,75.19,74.48
11-Mar-19,72.46,78.09,75.25,74.54
12-Mar-19,72.41,78.04,75.2,74.49
13-Mar-19,72.41,78.04,75.2,74.49
14-Mar-19,72.48,78.1,75.27,74.56
15-Mar-19,72.55,78.17,75.35,74.63
16-Mar-19,72.63,78.25,75.43,74.71
17-Mar-19,72.71,78.33,75.52,74.79
18-Mar-19,72.78,78.4,75.59,74.86
19-Mar-19,72.78,78.4,75.59,74.86
20-Mar-19,72.78,78.4,75.59,74.86
21-Mar-19,72.71,78.33,75.52,74.79
22-Mar-19,72.76,78.38,75.57,74.84
23-Mar-19,72.81,78.43,75.62,74.89
24-Mar-19,72.86,78.48,75.67,74.93
25-Mar-19,72.86,78.48,75.67,74.93
26-Mar-19,72.86,78.48,75.67,74.93
27-Mar-19,72.86,78.48,75.67,74.93
28-Mar-19,72.81,78.43,75.62,74.89
29-Mar-19,72.81,78.43,75.62,74.89
30-Mar-19,72.86,78.48,75.67,74.93
31-Mar-19,72.86,78.48,75.67,74.93
01-Apr-19,72.86,78.43,75.62,74.88
02-Apr-19,72.86,78.43,75.62,74.88
03-Apr-19,72.86,78.43,75.62,74.88
04-Apr-19,72.86,78.43,75.62,74.88
05-Apr-19,72.91,78.48,75.67,74.93
06-Apr-19,72.91,78.48,75.67,74.93
07-Apr-19,72.85,78.42,75.61,74.87
08-Apr-19,72.85,78.42,75.61,74.87
09-Apr-19,72.8,78.37,75.56,74.82
10-Apr-19,72.8,78.37,75.56,74.82
11-Apr-19,72.8,78.37,75.56,74.82
12-Apr-19,72.86,78.43,75.62,74.88
13-Apr-19,72.86,78.43,75.62,74.88
14-Apr-19,72.92,78.49,75.68,74.94
15-Apr-19,72.98,78.55,75.75,75
16-Apr-19,72.93,78.5,75.69,74.95
17-Apr-19,72.93,78.5,75.69,74.95
18-Apr-19,72.93,78.5,75.69,74.95
19-Apr-19,73,78.57,75.77,75.02
20-Apr-19,73,78.57,75.77,75.02
21-Apr-19,72.95,78.52,75.71,74.97
22-Apr-19,72.95,78.52,75.71,74.97
23-Apr-19,72.95,78.52,75.71,74.97
24-Apr-19,72.95,78.52,75.71,74.97
25-Apr-19,73.02,78.59,75.79,75.04
26-Apr-19,73.02,78.59,75.79,75.04
27-Apr-19,73.08,78.65,75.85,75.1
28-Apr-19,73.08,78.65,75.85,75.1
29-Apr-19,73.08,78.65,75.85,75.1
30-Apr-19,73.13,78.7,75.9,75.15
01-May-19,73.13,78.7,75.9,75.15
02-May-19,73.07,78.64,75.84,75.08
03-May-19,73.07,78.64,75.84,75.08
04-May-19,73.13,78.71,75.92,75.15
05-May-19,73.07,78.66,75.87,75.11
06-May-19,73,78.59,75.79,75.04
07-May-19,73,78.59,75.79,75.04
08-May-19,73,78.59,75.79,75.04
09-May-19,72.84,78.44,75.63,74.88
10-May-19,72.63,78.23,75.4,74.68
11-May-19,72.15,77.75,74.9,74.21
12-May-19,71.73,77.34,74.46,73.79
13-May-19,71.43,77.04,74.14,73.5
14-May-19,71.18,76.79,73.88,73.25
15-May-19,71.18,76.79,73.88,73.25
16-May-19,71.18,76.79,73.88,73.25
17-May-19,71.1,76.71,73.79,73.17
18-May-19,71.03,76.64,73.72,73.11
19-May-19,71.03,76.64,73.72,73.11
20-May-19,71.12,76.73,73.82,73.19
21-May-19,71.17,76.78,73.87,73.24
22-May-19,71.17,76.78,73.87,73.24
23-May-19,71.25,76.86,73.95,73.32
24-May-19,71.39,77,74.1,73.46
25-May-19,71.53,77.14,74.25,73.6
26-May-19,71.67,77.28,74.39,73.73
27-May-19,71.77,77.38,74.5,73.83
28-May-19,71.86,77.47,74.59,73.92
29-May-19,71.86,77.47,74.59,73.92
30-May-19,71.8,77.41,74.53,73.86
31-May-19,71.73,77.34,74.46,73.79
01-Jun-19,71.62,77.28,74.39,73.74
02-Jun-19,71.5,77.16,74.27,73.71
03-Jun-19,71.3,76.98,74.08,73.54
04-Jun-19,71.23,76.91,74.01,73.47
05-Jun-19,71.23,76.91,74.01,73.47
06-Jun-19,71.07,76.76,73.84,73.31
07-Jun-19,70.94,76.63,73.7,73.19
08-Jun-19,70.72,76.41,73.47,72.97
09-Jun-19,70.56,76.25,73.3,72.81
10-Jun-19,70.43,76.12,73.17,72.68
11-Jun-19,70.43,76.12,73.17,72.68
12-Jun-19,70.43,76.12,73.17,72.68
13-Jun-19,70.35,76.04,73.08,72.61
14-Jun-19,70.18,75.88,72.9,72.44
15-Jun-19,69.99,75.69,72.7,72.25
16-Jun-19,69.93,75.63,72.64,72.19
17-Jun-19,69.93,75.63,72.64,72.19
18-Jun-19,69.93,75.63,72.64,72.19
19-Jun-19,69.93,75.63,72.64,72.19
20-Jun-19,69.93,75.63,72.64,72.19
21-Jun-19,69.93,75.63,72.64,72.19
22-Jun-19,69.93,75.63,72.64,72.19
23-Jun-19,69.98,75.68,72.69,72.24
24-Jun-19,70.05,75.75,72.77,72.31
25-Jun-19,70.05,75.75,72.77,72.31
26-Jun-19,70.05,75.75,72.77,72.31
27-Jun-19,70.12,75.82,72.84,72.38
28-Jun-19,70.17,75.87,72.89,72.43
29-Jun-19,70.28,75.97,73.01,72.54
30-Jun-19,70.37,76.06,73.1,72.63
01-Jul-19,70.44,76.11,73.15,72.67
02-Jul-19,70.51,76.15,73.19,72.75
03-Jul-19,70.51,76.15,73.19,72.75
04-Jul-19,70.51,76.15,73.19,72.75
05-Jul-19,70.51,76.15,73.19,72.75
06-Jul-19,72.96,78.57,75.76,75.15
07-Jul-19,72.96,78.57,75.76,75.15
08-Jul-19,72.96,78.57,75.76,75.15
09-Jul-19,72.9,78.52,75.7,75.12
10-Jul-19,72.9,78.52,75.7,75.12
11-Jul-19,72.9,78.52,75.7,75.12
12-Jul-19,72.9,78.52,75.7,75.12
13-Jul-19,72.99,78.61,75.8,75.25
14-Jul-19,73.08,78.69,75.89,75.38
15-Jul-19,73.21,78.82,76.03,75.55
16-Jul-19,73.27,78.88,76.09,75.65
17-Jul-19,73.27,78.88,76.09,75.65
18-Jul-19,73.35,78.96,76.18,75.77
19-Jul-19,73.35,78.96,76.18,75.77
20-Jul-19,73.35,78.96,76.18,75.77
21-Jul-19,73.35,78.96,76.18,75.77
22-Jul-19,73.35,78.96,76.18,75.77
23-Jul-19,73.41,79.02,76.24,75.87
24-Jul-19,73.41,79.02,76.24,75.87
25-Jul-19,73.35,78.96,76.18,75.85
26-Jul-19,73.29,78.9,76.11,75.83
27-Jul-19,73.24,78.85,76.06,75.81
28-Jul-19,73.14,78.75,75.96,75.75
29-Jul-19,72.99,78.61,75.8,75.63
30-Jul-19,72.86,78.48,75.66,75.5
31-Jul-19,72.86,78.48,75.66,75.5
01-Aug-19,72.8,78.42,75.6,75.44
02-Aug-19,72.69,78.34,75.52,75.37
03-Aug-19,72.62,78.27,75.44,75.3
04-Aug-19,72.52,78.17,75.34,75.21
05-Aug-19,72.37,78.02,75.18,75.06
06-Aug-19,72.28,77.93,75.08,74.97
07-Aug-19,72.28,77.93,75.08,74.97
08-Aug-19,72.23,77.89,75.03,74.92
09-Aug-19,72.08,77.74,74.87,74.78
10-Aug-19,72.08,77.74,74.87,74.78
11-Aug-19,71.99,77.65,74.78,74.69
12-Aug-19,71.99,77.65,74.78,74.69
13-Aug-19,71.99,77.65,74.78,74.69
14-Aug-19,71.99,77.65,74.78,74.69
15-Aug-19,71.99,77.65,74.78,74.69
16-Aug-19,71.99,77.65,74.78,74.69
17-Aug-19,71.99,77.65,74.78,74.69
18-Aug-19,71.91,77.57,74.69,74.61
19-Aug-19,71.84,77.5,74.62,74.54
20-Aug-19,71.84,77.5,74.62,74.54
21-Aug-19,71.84,77.5,74.62,74.54
22-Aug-19,71.84,77.5,74.62,74.54
23-Aug-19,71.84,77.5,74.62,74.54
24-Aug-19,71.92,77.58,74.7,74.62
25-Aug-19,71.99,77.65,74.78,74.69
26-Aug-19,72.07,77.73,74.86,74.77
27-Aug-19,72.07,77.73,74.86,74.77
28-Aug-19,72.07,77.73,74.86,74.77
29-Aug-19,72.01,77.67,74.8,74.71
30-Aug-19,72.01,77.67,74.8,74.71
31-Aug-19,72.01,77.67,74.8,74.71
01-Sep-19,72.01,77.67,74.8,74.71
02-Sep-19,72.01,77.67,74.8,74.71
03-Sep-19,72.01,77.67,74.8,74.71
04-Sep-19,72.01,77.67,74.8,74.71
05-Sep-19,71.95,77.62,74.75,74.66
06-Sep-19,71.86,77.54,74.66,74.58
07-Sep-19,71.77,77.46,74.57,74.5
08-Sep-19,71.71,77.4,74.51,74.44
09-Sep-19,71.71,77.4,74.51,74.44
10-Sep-19,71.76,77.45,74.56,74.49
11-Sep-19,71.76,77.45,74.56,74.49
12-Sep-19,71.82,77.5,74.63,74.55
13-Sep-19,71.89,77.57,74.7,74.62
14-Sep-19,71.97,77.65,74.78,74.7
15-Sep-19,72.03,77.71,74.85,74.76
16-Sep-19,72.03,77.71,74.85,74.76
17-Sep-19,72.17,77.85,74.99,74.89
18-Sep-19,72.42,78.1,75.26,75.14
19-Sep-19,72.71,78.39,75.56,75.43
20-Sep-19,73.06,78.73,75.93,75.77
21-Sep-19,73.35,79.02,76.24,76.05
22-Sep-19,73.62,79.29,76.52,76.32
23-Sep-19,73.91,79.57,76.83,76.6
24-Sep-19,74.13,79.79,77.06,76.82
25-Sep-19,74.13,79.79,77.06,76.82
26-Sep-19,74.19,79.85,77.12,76.88
27-Sep-19,74.34,80,77.28,77.03
28-Sep-19,74.34,80,77.28,77.03
29-Sep-19,74.34,80,77.28,77.03
30-Sep-19,74.42,80.08,77.36,77.1
01-Oct-19,74.61,80.21,77.5,77.23
02-Oct-19,74.61,80.21,77.5,77.23
03-Oct-19,74.51,80.11,77.4,77.14
04-Oct-19,74.33,79.93,77.21,76.96
05-Oct-19,74.04,79.65,76.9,76.67
06-Oct-19,73.89,79.5,76.74,76.53
07-Oct-19,73.76,79.37,76.61,76.4
08-Oct-19,73.59,79.2,76.43,76.23
09-Oct-19,73.59,79.2,76.43,76.23
10-Oct-19,73.54,79.15,76.38,76.18
11-Oct-19,73.42,79.03,76.25,76.07
12-Oct-19,73.32,78.93,76.14,75.97
13-Oct-19,73.32,78.93,76.14,75.97
14-Oct-19,73.32,78.93,76.14,75.97
15-Oct-19,73.27,78.88,76.09,75.92
16-Oct-19,73.27,78.88,76.09,75.92
17-Oct-19,73.27,78.88,76.09,75.92
18-Oct-19,73.27,78.88,76.09,75.92
19-Oct-19,73.27,78.88,76.09,75.92
20-Oct-19,73.27,78.88,76.09,75.92
21-Oct-19,73.27,78.88,76.09,75.92
22-Oct-19,73.22,78.83,76.04,75.87
23-Oct-19,73.22,78.83,76.04,75.87
24-Oct-19,73.17,78.78,75.99,75.82
25-Oct-19,73.06,78.68,75.87,75.71
26-Oct-19,72.98,78.6,75.79,75.63
27-Oct-19,72.98,78.6,75.79,75.63
28-Oct-19,72.98,78.6,75.79,75.63
29-Oct-19,72.92,78.54,75.72,75.57
30-Oct-19,72.92,78.54,75.72,75.57
31-Oct-19,72.92,78.54,75.72,75.57
01-Nov-19,72.86,78.51,75.69,75.55
02-Nov-19,72.81,78.48,75.67,75.52
03-Nov-19,72.74,78.42,75.59,75.45
04-Nov-19,72.65,78.33,75.5,75.37
05-Nov-19,72.6,78.28,75.45,75.32
06-Nov-19,72.6,78.28,75.45,75.32
07-Nov-19,72.6,78.28,75.45,75.32
08-Nov-19,72.7,78.38,75.55,75.41
09-Nov-19,72.85,78.52,75.71,75.56
10-Nov-19,73.05,78.72,75.92,75.76
11-Nov-19,73.2,78.87,76.08,75.91
12-Nov-19,73.3,78.97,76.18,76
13-Nov-19,73.3,78.97,76.18,76
14-Nov-19,73.45,79.12,76.34,76.15
15-Nov-19,73.63,79.3,76.53,76.33
16-Nov-19,73.77,79.44,76.68,76.47
17-Nov-19,73.89,79.55,76.81,76.58
18-Nov-19,74.05,79.71,76.97,76.74
19-Nov-19,74.2,79.86,77.13,76.89
20-Nov-19,74.2,79.86,77.13,76.89
21-Nov-19,74.2,79.86,77.13,76.89
22-Nov-19,74.35,80.01,77.29,77.04
23-Nov-19,74.44,80.1,77.38,77.12
24-Nov-19,74.54,80.2,77.49,77.22
25-Nov-19,74.66,80.32,77.62,77.34
26-Nov-19,74.76,80.42,77.72,77.44
27-Nov-19,74.76,80.42,77.72,77.44
28-Nov-19,74.76,80.42,77.72,77.44
29-Nov-19,74.81,80.46,77.77,77.49
30-Nov-19,74.86,80.51,77.83,77.54
01-Dec-19,74.91,80.59,77.91,77.61
02-Dec-19,74.91,80.59,77.91,77.61
03-Dec-19,74.91,80.59,77.91,77.61
04-Dec-19,74.91,80.59,77.91,77.61
05-Dec-19,74.91,80.59,77.91,77.61
06-Dec-19,74.86,80.51,77.83,77.54
07-Dec-19,74.86,80.51,77.83,77.54
08-Dec-19,74.95,80.6,77.92,77.62
09-Dec-19,75,80.65,77.97,77.67
10-Dec-19,75,80.65,77.97,77.67
11-Dec-19,75,80.65,77.97,77.67
12-Dec-19,74.95,80.6,77.92,77.61
13-Dec-19,74.89,80.54,77.86,77.55
14-Dec-19,74.84,80.49,77.81,77.5
15-Dec-19,74.74,80.4,77.7,77.4
16-Dec-19,74.69,80.35,77.65,77.35
17-Dec-19,74.63,80.29,77.58,77.29
18-Dec-19,74.63,80.29,77.58,77.29
19-Dec-19,74.63,80.29,77.58,77.29
20-Dec-19,74.63,80.29,77.58,77.29
21-Dec-19,74.63,80.29,77.58,77.29
22-Dec-19,74.63,80.29,77.58,77.29
23-Dec-19,74.63,80.29,77.58,77.29
24-Dec-19,74.63,80.29,77.58,77.29
25-Dec-19,74.63,80.29,77.58,77.29
26-Dec-19,74.68,80.34,77.64,77.34
27-Dec-19,74.74,80.4,77.7,77.4
28-Dec-19,74.74,80.4,77.7,77.4
29-Dec-19,74.88,80.53,77.85,77.54
30-Dec-19,75.04,80.69,78.02,77.7
31-Dec-19,75.14,80.79,78.12,77.79
01-Jan-20,75.14,80.79,78.12,77.79
02-Jan-20,75.25,80.87,78.2,77.87
03-Jan-20,75.35,80.94,78.28,77.94
04-Jan-20,75.45,81.04,78.39,78.04
05-Jan-20,75.54,81.13,78.48,78.13
06-Jan-20,75.69,81.28,78.64,78.28
07-Jan-20,75.74,81.33,78.69,78.33
08-Jan-20,75.74,81.33,78.69,78.33
09-Jan-20,75.81,81.4,78.77,78.39
10-Jan-20,75.96,81.55,78.92,78.54
11-Jan-20,76.01,81.6,78.98,78.59
12-Jan-20,75.9,81.49,78.86,78.48
13-Jan-20,75.8,81.39,78.76,78.39
14-Jan-20,75.7,81.29,78.65,78.29
15-Jan-20,75.7,81.29,78.65,78.29
16-Jan-20,75.55,81.14,78.49,78.14
17-Jan-20,75.41,81,78.34,78
18-Jan-20,75.26,80.85,78.19,77.85
19-Jan-20,75.09,80.68,78.01,77.69
20-Jan-20,74.98,80.58,77.89,77.58
21-Jan-20,74.82,80.42,77.72,77.42
22-Jan-20,74.82,80.42,77.72,77.42
23-Jan-20,74.65,80.25,77.54,77.26
24-Jan-20,74.43,80.03,77.31,77.04
25-Jan-20,74.16,79.76,77.03,76.77
26-Jan-20,73.86,79.47,76.71,76.48
27-Jan-20,73.71,79.32,76.56,76.33
28-Jan-20,73.6,79.21,76.44,76.22
29-Jan-20,73.6,79.21,76.44,76.22
30-Jan-20,73.36,78.97,76.19,75.99
31-Jan-20,73.27,78.88,76.09,75.9
01-Feb-20,73.19,78.83,76.03,75.85
02-Feb-20,73.1,78.75,75.95,75.77
03-Feb-20,73.04,78.69,75.89,75.71
04-Feb-20,72.98,78.63,75.83,75.65
05-Feb-20,72.98,78.63,75.83,75.65
06-Feb-20,72.89,78.55,75.73,75.57
07-Feb-20,72.68,78.34,75.51,75.36
08-Feb-20,72.45,78.11,75.27,75.13
09-Feb-20,72.23,77.89,75.04,74.92
10-Feb-20,72.1,77.76,74.9,74.74
11-Feb-20,71.94,77.6,74.73,74.58
12-Feb-20,71.94,77.6,74.73,74.58
13-Feb-20,71.94,77.6,74.73,74.58
14-Feb-20,71.94,77.6,74.73,74.58
15-Feb-20,71.94,77.6,74.73,74.58
16-Feb-20,71.94,77.6,74.73,74.58
17-Feb-20,71.94,77.6,74.73,74.58
18-Feb-20,71.89,77.56,74.68,74.53
19-Feb-20,71.89,77.56,74.68,74.53
20-Feb-20,71.89,77.56,74.68,74.53
21-Feb-20,71.89,77.56,74.68,74.53
22-Feb-20,71.94,77.6,74.73,74.58
23-Feb-20,72.01,77.67,74.81,74.65
24-Feb-20,72.01,77.67,74.81,74.65
25-Feb-20,72.01,77.67,74.81,74.65
26-Feb-20,72.01,77.67,74.81,74.65
27-Feb-20,71.96,77.62,74.75,74.6
28-Feb-20,71.96,77.62,74.75,74.6
29-Feb-20,71.89,77.56,74.68,74.53
01-Mar-20,71.71,77.4,74.51,74.38
02-Mar-20,71.49,77.18,74.28,74.16
03-Mar-20,71.44,77.13,74.23,74.11
04-Mar-20,71.44,77.13,74.23,74.11
05-Mar-20,71.29,76.98,74.07,73.96
06-Mar-20,71.14,76.83,73.91,73.82
07-Mar-20,71.02,76.71,73.78,73.7
08-Mar-20,70.83,76.53,73.58,73.51
09-Mar-20,70.59,76.29,73.33,73.28
10-Mar-20,70.29,75.99,73.02,72.98
11-Mar-20,70.29,75.99,73.02,72.98
12-Mar-20,70.14,75.84,72.86,72.83
13-Mar-20,70,75.7,72.71,72.7
14-Mar-20,69.87,75.57,72.57,72.57
15-Mar-20,69.75,75.46,72.45,72.45
16-Mar-20,69.59,75.3,72.28,72.29
17-Mar-20,69.59,75.3,72.28,72.29
18-Mar-20,69.59,75.3,72.28,72.29
19-Mar-20,69.59,75.3,72.28,72.29
20-Mar-20,69.59,75.3,72.28,72.29
21-Mar-20,69.59,75.3,72.28,72.29
22-Mar-20,69.59,75.3,72.28,72.29
23-Mar-20,69.59,75.3,72.28,72.29
24-Mar-20,69.59,75.3,72.28,72.29
25-Mar-20,69.59,75.3,72.28,72.29
26-Mar-20,69.59,75.3,72.28,72.29
27-Mar-20,69.59,75.3,72.28,72.29
28-Mar-20,69.59,75.3,72.28,72.29
29-Mar-20,69.59,75.3,72.28,72.29
30-Mar-20,69.59,75.3,72.28,72.29
31-Mar-20,69.59,75.3,72.28,72.29
01-Apr-20,69.59,76.31,72.28,73.3
02-Apr-20,69.59,76.31,72.28,73.3
03-Apr-20,69.59,76.31,72.28,73.3
04-Apr-20,69.59,76.31,72.28,73.3
05-Apr-20,69.59,76.31,72.28,73.3
06-Apr-20,69.59,76.31,72.28,73.3
07-Apr-20,69.59,76.31,72.28,73.3
08-Apr-20,69.59,76.31,72.28,73.3
09-Apr-20,69.59,76.31,72.28,73.3
10-Apr-20,69.59,76.31,72.28,73.3
11-Apr-20,69.59,76.31,72.28,73.3
12-Apr-20,69.59,76.31,72.28,73.3
13-Apr-20,69.59,76.31,72.28,73.3
14-Apr-20,69.59,76.31,72.28,73.3
15-Apr-20,69.59,76.31,72.28,73.3
16-Apr-20,69.59,76.31,72.28,73.3
17-Apr-20,69.59,76.31,72.28,73.3
18-Apr-20,69.59,76.31,72.28,73.3
19-Apr-20,69.59,76.31,72.28,73.3
20-Apr-20,69.59,76.31,72.28,73.3
21-Apr-20,69.59,76.31,72.28,73.3
22-Apr-20,69.59,76.31,72.28,73.3
23-Apr-20,69.59,76.31,72.28,73.3
24-Apr-20,69.59,76.31,72.28,73.3
25-Apr-20,69.59,76.31,72.28,73.3
26-Apr-20,69.59,76.31,72.28,73.3
27-Apr-20,69.59,76.31,72.28,73.3
28-Apr-20,69.59,76.31,72.28,73.3
29-Apr-20,69.59,76.31,72.28,73.3
30-Apr-20,69.59,76.31,72.28,73.3
01-May-20,69.59,76.31,72.28,73.3
02-May-20,69.59,76.31,72.28,73.3
03-May-20,69.59,76.31,72.28,73.3
04-May-20,69.59,76.31,75.54,73.3
05-May-20,71.26,76.31,75.54,73.3
06-May-20,71.26,76.31,75.54,73.3
07-May-20,71.26,76.31,75.54,73.3
08-May-20,71.26,76.31,75.54,73.3
09-May-20,71.26,76.31,75.54,73.3
10-May-20,71.26,76.31,75.54,73.3
11-May-20,71.26,76.31,75.54,73.3
12-May-20,71.26,76.31,75.54,73.3
13-May-20,71.26,76.31,75.54,73.3
14-May-20,71.26,76.31,75.54,73.3
15-May-20,71.26,76.31,75.54,73.3
16-May-20,71.26,76.31,75.54,73.3
17-May-20,71.26,76.31,75.54,73.3
18-May-20,71.26,76.31,75.54,73.3
19-May-20,71.26,76.31,75.54,73.3
20-May-20,71.26,76.31,75.54,73.3
21-May-20,71.26,76.31,75.54,73.3
22-May-20,71.26,76.31,75.54,73.3
23-May-20,71.26,76.31,75.54,73.3
24-May-20,71.26,76.31,75.54,73.3
25-May-20,71.26,76.31,75.54,73.3
26-May-20,71.26,76.31,75.54,73.3
27-May-20,71.26,76.31,75.54,73.3
28-May-20,71.26,76.31,75.54,73.3
29-May-20,71.26,76.31,75.54,73.3
30-May-20,71.26,76.31,75.54,73.3
31-May-20,71.26,76.31,75.54,73.3
01-Jun-20,71.26,78.32,75.54,73.3
02-Jun-20,71.26,78.32,75.54,73.3
03-Jun-20,71.26,78.32,75.54,73.3
04-Jun-20,71.26,78.32,75.54,73.3
05-Jun-20,71.26,78.32,75.54,73.3
06-Jun-20,71.26,78.32,75.54,73.3
07-Jun-20,71.86,78.91,76.07,73.89
08-Jun-20,72.46,79.49,76.6,74.46
09-Jun-20,73,80.01,77.08,74.98
10-Jun-20,73.4,80.4,77.43,75.36
11-Jun-20,74,80.98,77.96,75.94
12-Jun-20,74.57,81.53,78.47,76.48
13-Jun-20,75.16,82.1,78.99,77.05
14-Jun-20,75.78,82.7,79.53,77.64
15-Jun-20,76.26,83.17,79.96,78.1
16-Jun-20,76.73,83.62,80.37,78.55
17-Jun-20,77.28,84.15,80.86,79.08
18-Jun-20,77.81,84.66,81.32,79.59
19-Jun-20,78.37,85.21,81.82,80.13
20-Jun-20,78.88,85.7,82.27,80.62
21-Jun-20,79.23,86.04,82.58,80.95
22-Jun-20,79.56,86.36,82.87,81.27
23-Jun-20,79.76,86.54,83.04,81.45
24-Jun-20,79.76,86.54,83.04,81.45
25-Jun-20,79.92,86.7,83.18,81.61
26-Jun-20,80.13,86.91,83.37,81.82
27-Jun-20,80.38,87.14,83.59,82.05
28-Jun-20,80.38,87.14,83.59,82.05
29-Jun-20,80.43,87.19,83.63,82.1
30-Jun-20,80.43,87.19,83.63,82.1
01-Jul-20,80.43,87.19,83.63,82.1
02-Jul-20,80.43,87.19,83.63,82.1
03-Jul-20,80.43,87.19,83.63,82.1
04-Jul-20,80.43,87.19,83.63,82.1
05-Jul-20,80.43,87.19,83.63,82.1
06-Jul-20,80.43,87.19,83.63,82.1
07-Jul-20,80.43,87.19,83.63,82.1
08-Jul-20,80.43,87.19,83.63,82.1
09-Jul-20,80.43,87.19,83.63,82.1
10-Jul-20,80.43,87.19,83.63,82.1
11-Jul-20,80.43,87.19,83.63,82.1
12-Jul-20,80.43,87.19,83.63,82.1
13-Jul-20,80.43,87.19,83.63,82.1
14-Jul-20,80.43,87.19,83.63,82.1
15-Jul-20,80.43,87.19,83.63,82.1
16-Jul-20,80.43,87.19,83.63,82.1
17-Jul-20,80.43,87.19,83.63,82.1
18-Jul-20,80.43,87.19,83.63,82.1
19-Jul-20,80.43,87.19,83.63,82.1
20-Jul-20,80.43,87.19,83.63,82.1
21-Jul-20,80.43,87.19,83.63,82.1
22-Jul-20,80.43,87.19,83.63,82.1
23-Jul-20,80.43,87.19,83.63,82.1
24-Jul-20,80.43,87.19,83.63,82.1
25-Jul-20,80.43,87.19,83.63,82.1
26-Jul-20,80.43,87.19,83.63,82.1
27-Jul-20,80.43,87.19,83.63,82.1
28-Jul-20,80.43,87.19,83.63,82.1
29-Jul-20,80.43,87.19,83.63,82.1
30-Jul-20,80.43,87.19,83.63,82.1
31-Jul-20,80.43,87.19,83.63,82.1
01-Aug-20,80.43,87.19,83.63,82.05
02-Aug-20,80.43,87.19,83.63,82.05
03-Aug-20,80.43,87.19,83.63,82.05
04-Aug-20,80.43,87.19,83.63,82.05
05-Aug-20,80.43,87.19,83.63,82.05
06-Aug-20,80.43,87.19,83.63,82.05
07-Aug-20,80.43,87.19,83.63,82.05
08-Aug-20,80.43,87.19,83.63,82.05
09-Aug-20,80.43,87.19,83.63,82.05
10-Aug-20,80.43,87.19,83.63,82.05
11-Aug-20,80.43,87.19,83.63,82.05
12-Aug-20,80.43,87.19,83.63,82.05
13-Aug-20,80.43,87.19,83.63,82.05
14-Aug-20,80.43,87.19,83.63,82.05
15-Aug-20,80.43,87.19,83.63,82.05
16-Aug-20,80.57,87.31,83.75,82.17
17-Aug-20,80.73,87.45,83.87,82.3
18-Aug-20,80.9,87.58,83.99,82.43
19-Aug-20,80.9,87.58,83.99,82.43
20-Aug-20,81,87.68,84.09,82.53
21-Aug-20,81.19,87.87,84.26,82.72
22-Aug-20,81.35,88.02,84.4,82.87
23-Aug-20,81.49,88.16,84.52,83.01
24-Aug-20,81.62,88.28,84.64,83.13
25-Aug-20,81.73,88.39,84.73,83.24
26-Aug-20,81.73,88.39,84.73,83.24
27-Aug-20,81.83,88.48,84.82,83.33
28-Aug-20,81.94,88.58,84.91,83.43
29-Aug-20,81.94,88.58,84.91,83.43
30-Aug-20,82.03,88.68,85,83.52
31-Aug-20,82.03,88.68,85,83.52
01-Sep-20,82.08,88.73,85.04,83.57
02-Sep-20,82.08,88.73,85.04,83.57
03-Sep-20,82.08,88.73,85.04,83.57
04-Sep-20,82.08,88.73,85.04,83.57
05-Sep-20,82.08,88.73,85.04,83.57
06-Sep-20,82.08,88.73,85.04,83.57
07-Sep-20,82.08,88.73,85.04,83.57
08-Sep-20,82.08,88.73,85.04,83.57
09-Sep-20,82.08,88.73,85.04,83.57
10-Sep-20,81.99,88.64,84.96,83.49
11-Sep-20,81.99,88.64,84.96,83.49
12-Sep-20,81.86,88.51,84.85,83.36
13-Sep-20,81.86,88.51,84.85,83.36
14-Sep-20,81.72,88.38,84.72,83.23
15-Sep-20,81.55,88.21,84.57,83.06
16-Sep-20,81.55,88.21,84.57,83.06
17-Sep-20,81.4,88.07,84.44,82.92
18-Sep-20,81.14,87.82,84.21,82.67
19-Sep-20,81.14,87.82,84.21,82.67
20-Sep-20,81.14,87.82,84.21,82.67
21-Sep-20,81.14,87.82,84.21,82.67
22-Sep-20,81.06,87.74,84.14,82.59
23-Sep-20,81.06,87.74,84.14,82.59
24-Sep-20,81.06,87.74,84.14,82.59
25-Sep-20,81.06,87.74,84.14,82.59
26-Sep-20,81.06,87.74,84.14,82.59
27-Sep-20,81.06,87.74,84.14,82.59
28-Sep-20,81.06,87.74,84.14,82.59
29-Sep-20,81.06,87.74,84.14,82.59
30-Sep-20,81.06,87.74,84.14,82.59
01-Oct-20,81.06,87.74,84.14,82.59
02-Oct-20,81.06,87.74,84.14,82.59
03-Oct-20,81.06,87.74,84.14,82.59
04-Oct-20,81.06,87.74,84.14,82.59
05-Oct-20,81.06,87.74,84.14,82.59
06-Oct-20,81.06,87.74,84.14,82.59
07-Oct-20,81.06,87.74,84.14,82.59
08-Oct-20,81.06,87.74,84.14,82.59
09-Oct-20,81.06,87.74,84.14,82.59
10-Oct-20,81.06,87.74,84.14,82.59
11-Oct-20,81.06,87.74,84.14,82.59
12-Oct-20,81.06,87.74,84.14,82.59
13-Oct-20,81.06,87.74,84.14,82.59
14-Oct-20,81.06,87.74,84.14,82.59
15-Oct-20,81.06,87.74,84.14,82.59
16-Oct-20,81.06,87.74,84.14,82.59
17-Oct-20,81.06,87.74,84.14,82.59
18-Oct-20,81.06,87.74,84.14,82.59
19-Oct-20,81.06,87.74,84.14,82.59
20-Oct-20,81.06,87.74,84.14,82.59
21-Oct-20,81.06,87.74,84.14,82.59
22-Oct-20,81.06,87.74,84.14,82.59
23-Oct-20,81.06,87.74,84.14,82.59
24-Oct-20,81.06,87.74,84.14,82.59
25-Oct-20,81.06,87.74,84.14,82.59
26-Oct-20,81.06,87.74,84.14,82.59
27-Oct-20,81.06,87.74,84.14,82.59
28-Oct-20,81.06,87.74,84.14,82.59
29-Oct-20,81.06,87.74,84.14,82.59
30-Oct-20,81.06,87.74,84.14,82.59
31-Oct-20,81.06,87.74,84.14,82.59
01-Nov-20,81.06,87.74,84.14,82.59
02-Nov-20,81.06,87.74,84.14,82.59
03-Nov-20,81.06,87.74,84.14,82.59
04-Nov-20,81.06,87.74,84.14,82.59
05-Nov-20,81.06,87.74,84.14,82.59
06-Nov-20,81.06,87.74,84.14,82.59
07-Nov-20,81.06,87.74,84.14,82.59
08-Nov-20,81.06,87.74,84.14,82.59
09-Nov-20,81.06,87.74,84.14,82.59
10-Nov-20,81.06,87.74,84.14,82.59
11-Nov-20,81.06,87.74,84.14,82.59
12-Nov-20,81.06,87.74,84.14,82.59
13-Nov-20,81.06,87.74,84.14,82.59
14-Nov-20,81.06,87.74,84.14,82.59
15-Nov-20,81.06,87.74,84.14,82.59
16-Nov-20,81.06,87.74,84.14,82.59
17-Nov-20,81.06,87.74,84.14,82.59
18-Nov-20,81.06,87.74,84.14,82.59
19-Nov-20,81.06,87.74,84.14,82.59
20-Nov-20,81.23,87.92,84.31,82.79
21-Nov-20,81.38,88.09,84.46,82.95
22-Nov-20,81.46,88.16,84.53,83.03
23-Nov-20,81.53,88.23,84.59,83.1
24-Nov-20,81.59,88.29,84.64,83.15
25-Nov-20,81.59,88.29,84.64,83.15
26-Nov-20,81.7,88.4,84.74,83.26
27-Nov-20,81.89,88.58,84.91,83.44
28-Nov-20,82.13,88.81,85.12,83.67
29-Nov-20,82.34,89.02,85.31,83.87
30-Nov-20,82.34,89.02,85.31,83.87
01-Dec-20,82.34,89.02,85.31,83.87
02-Dec-20,82.49,89.16,85.44,84.02
03-Dec-20,82.66,89.33,85.59,84.18
04-Dec-20,82.86,89.52,85.76,84.37
05-Dec-20,83.13,89.78,86,84.63
06-Dec-20,83.41,90.05,86.25,84.9
07-Dec-20,83.71,90.34,86.51,85.19
08-Dec-20,83.71,90.34,86.51,85.19
09-Dec-20,83.71,90.34,86.51,85.19
10-Dec-20,83.71,90.34,86.51,85.19
11-Dec-20,83.71,90.34,86.51,85.19
12-Dec-20,83.71,90.34,86.51,85.19
13-Dec-20,83.71,90.34,86.51,85.19
14-Dec-20,83.71,90.34,86.51,85.19
15-Dec-20,83.71,90.34,86.51,85.19
16-Dec-20,83.71,90.34,86.51,85.19
17-Dec-20,83.71,90.34,86.51,85.19
18-Dec-20,83.71,90.34,86.51,85.19
19-Dec-20,83.71,90.34,86.51,85.19
20-Dec-20,83.71,90.34,86.51,85.19
21-Dec-20,83.71,90.34,86.51,85.19
22-Dec-20,83.71,90.34,86.51,85.19
23-Dec-20,83.71,90.34,86.51,85.19
24-Dec-20,83.71,90.34,86.51,85.19
25-Dec-20,83.71,90.34,86.51,85.19
26-Dec-20,83.71,90.34,86.51,85.19
27-Dec-20,83.71,90.34,86.51,85.19
28-Dec-20,83.71,90.34,86.51,85.19
29-Dec-20,83.71,90.34,86.51,85.19
30-Dec-20,83.71,90.34,86.51,85.19
31-Dec-20,83.71,90.34,86.51,85.19
01-Jan-21,83.71,90.34,86.51,85.19
02-Jan-21,83.71,90.34,86.51,85.19
03-Jan-21,83.71,90.34,86.51,85.19
04-Jan-21,83.71,90.34,86.51,85.19
05-Jan-21,83.71,90.34,86.51,85.19
06-Jan-21,83.97,90.6,86.75,85.44
07-Jan-21,84.2,90.83,86.96,85.68
08-Jan-21,84.2,90.83,86.96,85.68
09-Jan-21,84.2,90.83,86.96,85.68
10-Jan-21,84.2,90.83,86.96,85.68
11-Jan-21,84.2,90.83,86.96,85.68
12-Jan-21,84.2,90.83,86.96,85.68
13-Jan-21,84.45,91.07,87.18,85.92
14-Jan-21,84.7,91.32,87.4,86.15
15-Jan-21,84.7,91.32,87.4,86.15
16-Jan-21,84.7,91.32,87.4,86.15
17-Jan-21,84.7,91.32,87.4,86.15
18-Jan-21,84.95,91.56,87.63,86.39
19-Jan-21,85.2,91.8,87.85,86.63
20-Jan-21,85.2,91.8,87.85,86.63
21-Jan-21,85.2,91.8,87.85,86.63
22-Jan-21,85.45,92.04,88.07,86.87
23-Jan-21,85.7,92.28,88.29,87.11
24-Jan-21,85.7,92.28,88.29,87.11
25-Jan-21,85.7,92.28,88.29,87.11
26-Jan-21,86.05,92.62,88.6,87.45
27-Jan-21,86.3,92.86,88.82,87.69
28-Jan-21,86.3,92.86,88.82,87.69
29-Jan-21,86.3,92.86,88.82,87.69
30-Jan-21,86.3,92.86,88.82,87.69
31-Jan-21,86.3,92.86,88.82,87.69
01-Feb-21,86.3,92.86,88.82,87.69
02-Feb-21,86.3,92.86,88.82,87.69
03-Feb-21,86.3,92.86,88.82,87.69
04-Feb-21,86.65,93.2,89.13,88.01
05-Feb-21,86.95,93.49,89.39,88.3
06-Feb-21,86.95,93.49,89.39,88.3
07-Feb-21,86.95,93.49,89.39,88.3
08-Feb-21,86.95,93.49,89.39,88.3
09-Feb-21,87.3,93.83,89.7,88.63
10-Feb-21,87.6,94.12,89.96,88.92
11-Feb-21,87.85,94.36,90.18,89.16
12-Feb-21,88.14,94.64,90.44,89.44
13-Feb-21,88.44,94.93,90.7,89.73
14-Feb-21,88.73,95.21,90.96,90.01
15-Feb-21,88.99,95.46,91.19,90.25
16-Feb-21,89.29,95.75,91.45,90.54
17-Feb-21,89.54,96,91.68,90.78
18-Feb-21,89.88,96.32,91.98,91.11
19-Feb-21,90.19,96.62,92.25,91.41
20-Feb-21,90.58,97,92.59,91.78
21-Feb-21,90.58,97,92.59,91.78
22-Feb-21,90.58,97,92.59,91.78
23-Feb-21,90.93,97.34,92.9,91.12
24-Feb-21,90.93,97.34,92.9,91.12
25-Feb-21,90.93,97.34,92.9,91.12
26-Feb-21,90.93,97.34,92.9,91.12
27-Feb-21,91.17,97.57,93.11,91.35
28-Feb-21,91.17,97.57,93.11,91.35
01-Mar-21,91.17,97.57,93.11,91.35
02-Mar-21,91.17,97.57,93.11,91.35
03-Mar-21,91.17,97.57,93.11,91.35
04-Mar-21,91.17,97.57,93.11,91.35
05-Mar-21,91.17,97.57,93.11,91.35
06-Mar-21,91.17,97.57,93.11,91.35
07-Mar-21,91.17,97.57,93.11,91.35
08-Mar-21,91.17,97.57,93.11,91.35
09-Mar-21,91.17,97.57,93.11,91.35
10-Mar-21,91.17,97.57,93.11,91.35
11-Mar-21,91.17,97.57,93.11,91.35
12-Mar-21,91.17,97.57,93.11,91.35
13-Mar-21,91.17,97.57,93.11,91.35
14-Mar-21,91.17,97.57,93.11,91.35
15-Mar-21,91.17,97.57,93.11,91.35
16-Mar-21,91.17,97.57,93.11,91.35
17-Mar-21,91.17,97.57,93.11,91.35
18-Mar-21,91.17,97.57,93.11,91.35
19-Mar-21,91.17,97.57,93.11,91.35
20-Mar-21,91.17,97.57,93.11,91.35
21-Mar-21,91.17,97.57,93.11,91.35
22-Mar-21,91.17,97.57,93.11,91.35
23-Mar-21,91.17,97.57,93.11,91.35
24-Mar-21,90.99,97.4,92.95,91.18
25-Mar-21,90.78,97.19,92.77,90.98
26-Mar-21,90.78,97.19,92.77,90.98
27-Mar-21,90.78,97.19,92.77,90.98
28-Mar-21,90.78,97.19,92.77,90.98
29-Mar-21,90.78,97.19,92.77,90.98
30-Mar-21,90.56,96.98,92.58,90.77
31-Mar-21,90.56,96.98,92.58,90.77
01-Apr-21,90.56,96.98,92.58,90.77
02-Apr-21,90.56,96.98,92.58,90.77
03-Apr-21,90.56,96.98,92.58,90.77
04-Apr-21,90.56,96.98,92.58,90.77
05-Apr-21,90.56,96.98,92.58,90.77
06-Apr-21,90.56,96.98,92.58,90.77
07-Apr-21,90.56,96.98,92.58,90.77
08-Apr-21,90.56,96.98,92.58,90.77
09-Apr-21,90.56,96.98,92.58,90.77
10-Apr-21,90.56,96.98,92.58,90.77
11-Apr-21,90.56,96.98,92.58,90.77
12-Apr-21,90.56,96.98,92.58,90.77
13-Apr-21,90.56,96.98,92.58,90.77
14-Apr-21,90.56,96.98,92.58,90.77
15-Apr-21,90.4,96.83,92.43,90.62
16-Apr-21,90.4,96.83,92.43,90.62
17-Apr-21,90.4,96.83,92.43,90.62
18-Apr-21,90.4,96.83,92.43,90.62
19-Apr-21,90.4,96.83,92.43,90.62
20-Apr-21,90.4,96.83,92.43,90.62
21-Apr-21,90.4,96.83,92.43,90.62
22-Apr-21,90.4,96.83,92.43,90.62
23-Apr-21,90.4,96.83,92.43,90.62
24-Apr-21,90.4,96.83,92.43,90.62
25-Apr-21,90.4,96.83,92.43,90.62
26-Apr-21,90.4,96.83,92.43,90.62
27-Apr-21,90.4,96.83,92.43,90.62
28-Apr-21,90.4,96.83,92.43,90.62
29-Apr-21,90.4,96.83,92.43,90.62
30-Apr-21,90.4,96.83,92.43,90.62
01-May-21,90.4,96.83,92.43,90.62
02-May-21,90.4,96.83,92.43,90.62
03-May-21,90.4,96.83,92.43,90.62
04-May-21,90.55,96.95,92.55,90.76
05-May-21,90.74,97.12,92.7,90.92
06-May-21,90.99,97.34,92.9,91.14
07-May-21,91.27,97.61,93.15,91.41
08-May-21,91.27,97.61,93.15,91.41
09-May-21,91.27,97.61,93.15,91.41
10-May-21,91.53,97.86,93.38,91.66
11-May-21,91.8,98.12,93.62,91.92
12-May-21,92.05,98.36,93.84,92.16
13-May-21,92.05,98.36,93.84,92.16
14-May-21,92.34,98.65,94.09,92.44
15-May-21,92.34,98.65,94.09,92.44
16-May-21,92.58,98.88,94.31,92.67
17-May-21,92.58,98.88,94.31,92.67
18-May-21,92.85,99.14,94.54,92.92
19-May-21,92.85,99.14,94.54,92.92
20-May-21,92.85,99.14,94.54,92.92
21-May-21,93.04,99.32,94.71,93.11
22-May-21,93.04,99.32,94.71,93.11
23-May-21,93.21,99.49,94.86,93.27
24-May-21,93.21,99.49,94.86,93.27
25-May-21,93.44,99.71,95.06,93.49
26-May-21,93.44,99.71,95.06,93.49
27-May-21,93.68,99.94,95.28,93.72
28-May-21,93.68,99.94,95.28,93.72
29-May-21,93.94,100.19,95.51,93.97
30-May-21,93.94,100.19,95.51,93.97
31-May-21,94.23,100.47,95.76,94.25
01-Jun-21,94.49,100.72,95.99,94.5
02-Jun-21,94.49,100.72,95.99,94.5
03-Jun-21,94.49,100.72,95.99,94.5
04-Jun-21,94.76,100.98,96.23,94.76
05-Jun-21,94.76,100.98,96.23,94.76
06-Jun-21,95.03,101.25,96.47,95.02
07-Jun-21,95.31,101.52,96.71,95.28
08-Jun-21,95.31,101.52,96.71,95.28
09-Jun-21,95.56,101.76,96.94,95.52
10-Jun-21,95.56,101.76,96.94,95.52
11-Jun-21,95.85,102.04,97.19,95.8
12-Jun-21,96.12,102.3,97.43,96.06
13-Jun-21,96.12,102.3,97.43,96.06
14-Jun-21,96.41,102.58,97.69,96.34
15-Jun-21,96.41,102.58,97.69,96.34
16-Jun-21,96.66,102.82,97.91,96.58
17-Jun-21,96.66,102.82,97.91,96.58
18-Jun-21,96.93,103.08,98.14,96.84
19-Jun-21,96.93,103.08,98.14,96.84
20-Jun-21,97.22,103.36,98.4,97.12
21-Jun-21,97.22,103.36,98.4,97.12
22-Jun-21,97.5,103.63,98.65,97.38
23-Jun-21,97.5,103.63,98.65,97.38
24-Jun-21,97.76,103.89,98.88,97.63
25-Jun-21,97.76,103.89,98.88,97.63
26-Jun-21,98.11,104.22,99.19,97.97
27-Jun-21,98.46,104.56,99.49,98.3
28-Jun-21,98.46,104.56,99.49,98.3
29-Jun-21,98.81,104.9,99.8,98.64
30-Jun-21,98.81,104.9,99.8,98.64
01-Jul-21,98.81,104.9,99.8,98.64
02-Jul-21,99.16,105.24,100.13,99.04
03-Jul-21,99.16,105.24,100.13,99.04
04-Jul-21,99.51,105.58,100.44,99.45
05-Jul-21,99.86,105.92,100.75,99.84
06-Jul-21,99.86,105.92,100.75,99.84
07-Jul-21,100.21,106.25,101.06,100.23
08-Jul-21,100.56,106.59,101.37,100.62
09-Jul-21,100.56,106.59,101.37,100.62
10-Jul-21,100.91,106.93,101.67,101.01
11-Jul-21,100.91,106.93,101.67,101.01
12-Jul-21,101.19,107.2,101.92,101.35
13-Jul-21,101.19,107.2,101.92,101.35
14-Jul-21,101.19,107.2,101.92,101.35
15-Jul-21,101.54,107.54,102.23,101.74
16-Jul-21,101.54,107.54,102.23,101.74
17-Jul-21,101.84,107.83,102.49,102.08
18-Jul-21,101.84,107.83,102.49,102.08
19-Jul-21,101.84,107.83,102.49,102.08
20-Jul-21,101.84,107.83,102.49,102.08
21-Jul-21,101.84,107.83,102.49,102.08
22-Jul-21,101.84,107.83,102.49,102.08
23-Jul-21,101.84,107.83,102.49,102.08
24-Jul-21,101.84,107.83,102.49,102.08
25-Jul-21,101.84,107.83,102.49,102.08
26-Jul-21,101.84,107.83,102.49,102.08
27-Jul-21,101.84,107.83,102.49,102.08
28-Jul-21,101.84,107.83,102.49,102.08
29-Jul-21,101.84,107.83,102.49,102.08
30-Jul-21,101.84,107.83,102.49,102.08
31-Jul-21,101.84,107.83,102.49,102.08
01-Aug-21,101.84,107.83,102.49,102.08
02-Aug-21,101.84,107.83,102.49,102.08
03-Aug-21,101.84,107.83,102.49,102.08
04-Aug-21,101.84,107.83,102.49,102.08
05-Aug-21,101.84,107.83,102.49,102.08
06-Aug-21,101.84,107.83,102.49,102.08
07-Aug-21,101.84,107.83,102.49,102.08
08-Aug-21,101.84,107.83,102.49,102.08
09-Aug-21,101.84,107.83,102.49,102.08
10-Aug-21,101.84,107.83,102.49,102.08
11-Aug-21,101.84,107.83,102.49,102.08
12-Aug-21,101.84,107.83,102.49,102.08
13-Aug-21,101.84,107.83,102.49,102.08
14-Aug-21,101.84,107.83,99.47,102.08
15-Aug-21,101.84,107.83,99.47,102.08
16-Aug-21,101.84,107.83,99.47,102.08
17-Aug-21,101.84,107.83,99.47,102.08
18-Aug-21,101.84,107.83,99.47,102.08
19-Aug-21,101.84,107.83,99.47,102.08
20-Aug-21,101.84,107.83,99.47,102.08
21-Aug-21,101.84,107.83,99.47,102.08
22-Aug-21,101.64,107.66,99.32,101.93
23-Aug-21,101.64,107.66,99.32,101.93
24-Aug-21,101.49,107.52,99.2,101.82
25-Aug-21,101.49,107.52,99.2,101.82
26-Aug-21,101.49,107.52,99.2,101.82
27-Aug-21,101.49,107.52,99.2,101.82
28-Aug-21,101.49,107.52,99.2,101.82
29-Aug-21,101.49,107.52,99.2,101.82
30-Aug-21,101.49,107.52,99.2,101.82
31-Aug-21,101.49,107.52,99.2,101.82
01-Sep-21,101.34,107.39,99.08,101.72
02-Sep-21,101.34,107.39,99.08,101.72
03-Sep-21,101.34,107.39,99.08,101.72
04-Sep-21,101.34,107.39,99.08,101.72
05-Sep-21,101.19,107.26,98.96,101.62
06-Sep-21,101.19,107.26,98.96,101.62
07-Sep-21,101.19,107.26,98.96,101.62
08-Sep-21,101.19,107.26,98.96,101.62
09-Sep-21,101.19,107.26,98.96,101.62
10-Sep-21,101.19,107.26,98.96,101.62
11-Sep-21,101.19,107.26,98.96,101.62
12-Sep-21,101.19,107.26,98.96,101.62
13-Sep-21,101.19,107.26,98.96,101.62
14-Sep-21,101.19,107.26,98.96,101.62
15-Sep-21,101.19,107.26,98.96,101.62
16-Sep-21,101.19,107.26,98.96,101.62
17-Sep-21,101.19,107.26,98.96,101.62
18-Sep-21,101.19,107.26,98.96,101.62
19-Sep-21,101.19,107.26,98.96,101.62
20-Sep-21,101.19,107.26,98.96,101.62
21-Sep-21,101.19,107.26,98.96,101.62
22-Sep-21,101.19,107.26,98.96,101.62
23-Sep-21,101.19,107.26,98.96,101.62
24-Sep-21,101.19,107.26,98.96,101.62
25-Sep-21,101.19,107.26,98.96,101.62
26-Sep-21,101.19,107.26,98.96,101.62
27-Sep-21,101.19,107.26,98.96,101.62
28-Sep-21,101.39,107.47,99.15,101.87
29-Sep-21,101.39,107.47,99.15,101.87
30-Sep-21,101.64,107.71,99.36,102.17
01-Oct-21,101.89,107.95,99.58,102.47
02-Oct-21,102.14,108.19,99.8,102.77
03-Oct-21,102.39,108.43,100.01,103.07
04-Oct-21,102.39,108.43,100.01,103.07
05-Oct-21,102.64,108.67,100.23,103.36
06-Oct-21,102.94,108.96,100.49,103.65
07-Oct-21,103.24,109.25,100.75,103.94
08-Oct-21,103.54,109.54,101.01,104.23
09-Oct-21,103.84,109.83,101.27,104.52
10-Oct-21,104.14,110.12,101.53,104.8
11-Oct-21,104.44,110.41,101.79,105.09
12-Oct-21,104.44,110.41,101.79,105.09
13-Oct-21,104.44,110.41,101.79,105.09
14-Oct-21,104.79,110.75,102.1,105.43
15-Oct-21,105.14,111.09,102.4,105.76
16-Oct-21,105.49,111.43,102.7,106.1
17-Oct-21,105.84,111.77,103.01,106.43
18-Oct-21,105.84,111.77,103.01,106.43
19-Oct-21,105.84,111.77,103.01,106.43
20-Oct-21,106.19,112.11,103.31,106.77
21-Oct-21,106.54,112.44,103.61,107.11
22-Oct-21,106.89,112.78,103.92,107.44
23-Oct-21,107.24,113.12,104.22,107.78
24-Oct-21,107.59,113.46,104.52,108.11
25-Oct-21,107.59,113.46,104.52,108.11
26-Oct-21,107.59,113.46,104.52,108.11
27-Oct-21,107.94,113.8,104.83,108.45
28-Oct-21,108.29,114.14,105.13,108.78
29-Oct-21,108.64,114.47,105.43,109.12
30-Oct-21,108.99,114.81,105.74,109.46
31-Oct-21,109.34,115.15,106.04,109.79
01-Nov-21,109.69,115.5,106.35,110.15
02-Nov-21,110.04,115.85,106.66,110.49
03-Nov-21,110.04,115.85,106.66,110.49
04-Nov-21,103.97,109.98,101.4,104.67
05-Nov-21,103.97,109.98,101.4,104.67
06-Nov-21,103.97,109.98,101.4,104.67
07-Nov-21,103.97,109.98,101.4,104.67
08-Nov-21,103.97,109.98,101.4,104.67
09-Nov-21,103.97,109.98,101.4,104.67
10-Nov-21,103.97,109.98,101.4,104.67
11-Nov-21,103.97,109.98,101.4,104.67
12-Nov-21,103.97,109.98,101.4,104.67
13-Nov-21,103.97,109.98,101.4,104.67
14-Nov-21,103.97,109.98,101.4,104.67
15-Nov-21,103.97,109.98,101.4,104.67
16-Nov-21,103.97,109.98,101.4,104.67
17-Nov-21,103.97,109.98,101.4,104.67
18-Nov-21,103.97,109.98,101.4,104.67
19-Nov-21,103.97,109.98,101.4,104.67
20-Nov-21,103.97,109.98,101.4,104.67
21-Nov-21,103.97,109.98,101.4,104.67
22-Nov-21,103.97,109.98,101.4,104.67
23-Nov-21,103.97,109.98,101.4,104.67
24-Nov-21,103.97,109.98,101.4,104.67
25-Nov-21,103.97,109.98,101.4,104.67
26-Nov-21,103.97,109.98,101.4,104.67
27-Nov-21,103.97,109.98,101.4,104.67
28-Nov-21,103.97,109.98,101.4,104.67
29-Nov-21,103.97,109.98,101.4,104.67
30-Nov-21,103.97,109.98,101.4,104.67
01-Dec-21,103.97,109.98,101.4,104.67
02-Dec-21,95.41,109.98,101.4,104.67
03-Dec-21,95.41,109.98,101.4,104.67
04-Dec-21,95.41,109.98,101.4,104.67
05-Dec-21,95.41,109.98,101.4,104.67
06-Dec-21,95.41,109.98,101.4,104.67
07-Dec-21,95.41,109.98,101.4,104.67
08-Dec-21,95.41,109.98,101.4,104.67
09-Dec-21,95.41,109.98,101.4,104.67
10-Dec-21,95.41,109.98,101.4,104.67
11-Dec-21,95.41,109.98,101.4,104.67
12-Dec-21,95.41,109.98,101.4,104.67
13-Dec-21,95.41,109.98,101.4,104.67
14-Dec-21,95.41,109.98,101.4,104.67
15-Dec-21,95.41,109.98,101.4,104.67
16-Dec-21,95.41,109.98,101.4,104.67
17-Dec-21,95.41,109.98,101.4,104.67
18-Dec-21,95.41,109.98,101.4,104.67
19-Dec-21,95.41,109.98,101.4,104.67
20-Dec-21,95.41,109.98,101.4,104.67
21-Dec-21,95.41,109.98,101.4,104.67
22-Dec-21,95.41,109.98,101.4,104.67
23-Dec-21,95.41,109.98,101.4,104.67
24-Dec-21,95.41,109.98,101.4,104.67
25-Dec-21,95.41,109.98,101.4,104.67
26-Dec-21,95.41,109.98,101.4,104.67
27-Dec-21,95.41,109.98,101.4,104.67
28-Dec-21,95.41,109.98,101.4,104.67
29-Dec-21,95.41,109.98,101.4,104.67
30-Dec-21,95.41,109.98,101.4,104.67
31-Dec-21,95.41,109.98,101.4,104.67
01-Jan-22,95.41,109.98,101.4,104.67
02-Jan-22,95.41,109.98,101.4,104.67
03-Jan-22,95.41,109.98,101.4,104.67
04-Jan-22,95.41,109.98,101.4,104.67
05-Jan-22,95.41,109.98,101.4,104.67
06-Jan-22,95.41,109.98,101.4,104.67
07-Jan-22,95.41,109.98,101.4,104.67
08-Jan-22,95.41,109.98,101.4,104.67
09-Jan-22,95.41,109.98,101.4,104.67
10-Jan-22,95.41,109.98,101.4,104.67
11-Jan-22,95.41,109.98,101.4,104.67
12-Jan-22,95.41,109.98,101.4,104.67
13-Jan-22,95.41,109.98,101.4,104.67
14-Jan-22,95.41,109.98,101.4,104.67
15-Jan-22,95.41,109.98,101.4,104.67
16-Jan-22,95.41,109.98,101.4,104.67
17-Jan-22,95.41,109.98,101.4,104.67
18-Jan-22,95.41,109.98,101.4,104.67
19-Jan-22,95.41,109.98,101.4,104.67
20-Jan-22,95.41,109.98,101.4,104.67
21-Jan-22,95.41,109.98,101.4,104.67
22-Jan-22,95.41,109.98,101.4,104.67
23-Jan-22,95.41,109.98,101.4,104.67
24-Jan-22,95.41,109.98,101.4,104.67
25-Jan-22,95.41,109.98,101.4,104.67
26-Jan-22,95.41,109.98,101.4,104.67
27-Jan-22,95.41,109.98,101.4,104.67
28-Jan-22,95.41,109.98,101.4,104.67
29-Jan-22,95.41,109.98,101.4,104.67
30-Jan-22,95.41,109.98,101.4,104.67
31-Jan-22,95.41,109.98,101.4,104.67
01-Feb-22,95.41,109.98,101.4,104.67
02-Feb-22,95.41,109.98,101.4,104.67
03-Feb-22,95.41,109.98,101.4,104.67
04-Feb-22,95.41,109.98,101.4,104.67
05-Feb-22,95.41,109.98,101.4,104.67
06-Feb-22,95.41,109.98,101.4,104.67
07-Feb-22,95.41,109.98,101.4,104.67
08-Feb-22,95.41,109.98,101.4,104.67
09-Feb-22,95.41,109.98,101.4,104.67
10-Feb-22,95.41,109.98,101.4,104.67
11-Feb-22,95.41,109.98,101.4,104.67
12-Feb-22,95.41,109.98,101.4,104.67
13-Feb-22,95.41,109.98,101.4,104.67
14-Feb-22,95.41,109.98,101.4,104.67
15-Feb-22,95.41,109.98,101.4,104.67
16-Feb-22,95.41,109.98,101.4,104.67
17-Feb-22,95.41,109.98,101.4,104.67
18-Feb-22,95.41,109.98,101.4,104.67
19-Feb-22,95.41,109.98,101.4,104.67
20-Feb-22,95.41,109.98,101.4,104.67
21-Feb-22,95.41,109.98,101.4,104.67
22-Feb-22,95.41,109.98,101.4,104.67
23-Feb-22,95.41,109.98,101.4,104.67
24-Feb-22,95.41,109.98,101.4,104.67
25-Feb-22,95.41,109.98,101.4,104.67
26-Feb-22,95.41,109.98,101.4,104.67
27-Feb-22,95.41,109.98,101.4,104.67
28-Feb-22,95.41,109.98,101.4,104.67
01-Mar-22,95.41,109.98,101.4,104.67
02-Mar-22,95.41,109.98,101.4,104.67
03-Mar-22,95.41,109.98,101.4,104.67
04-Mar-22,95.41,109.98,101.4,104.67
05-Mar-22,95.41,109.98,101.4,104.67
06-Mar-22,95.41,109.98,101.4,104.67
07-Mar-22,95.41,109.98,101.4,104.67
08-Mar-22,95.41,109.98,101.4,104.67
09-Mar-22,95.41,109.98,101.4,104.67
10-Mar-22,95.41,109.98,101.4,104.67
11-Mar-22,95.41,109.98,101.4,104.67
12-Mar-22,95.41,109.98,101.4,104.67
13-Mar-22,95.41,109.98,101.4,104.67
14-Mar-22,95.41,109.98,101.4,104.67
15-Mar-22,95.41,109.98,101.4,104.67
